"DESCRIPTION","DURATION IN MS","NAME","PARENT SUITE","START TIME","STATUS","STOP TIME","SUB SUITE","SUITE","TEST CLASS","TEST METHOD"
"","1949","Match the collection schema on a list response","","2026-10-05","passed","2026-10-05","","Response schema contract","com.qa.gitlab.tests.IssueSchemaTest","listResponseMatchesCollectionSchema"
"","1007","Delete a confidential issue","","2026-10-05","passed","2026-10-05","","DELETE /projects/:id/issues/:iid","com.qa.gitlab.tests.IssueDeleteTest","deletesConfidentialIssue"
"","970","Ignore empty elements in the comma-separated labels string","","2026-10-05","passed","2026-10-05","","Issue field boundaries and unusual inputs","com.qa.gitlab.tests.IssueBoundaryTest","ignoresEmptyLabelElements"
"","975","Accept and silently discard an unparseable start_date (FINDING-1) Unparseable start_date is silently discarded: 2026-13-01","","2026-10-05","passed","2026-10-05","","Issue field boundaries and unusual inputs","com.qa.gitlab.tests.IssueBoundaryTest","acceptsAndDiscardsUnparseableStartDate"
"","193","Reject a malformed created_at rather than silently dropping it created_at 2026-09-04T25:00:00Z is rejected","","2026-10-05","passed","2026-10-05","","Issues API error handling","com.qa.gitlab.tests.IssueValidationTest","rejectsMalformedCreatedAt"
"","190","Return 404 for an unknown project","","2026-10-05","passed","2026-10-05","","DELETE /projects/:id/issues/:iid - errors","com.qa.gitlab.tests.IssueDeleteNegativeTest","returnsNotFoundForUnknownProject"
"","4787","Leave the listing unchanged after a failed delete","","2026-10-05","passed","2026-10-05","","DELETE /projects/:id/issues/:iid - errors","com.qa.gitlab.tests.IssueDeleteNegativeTest","listingIsUnchangedByAFailedDelete"
"","2413","Handle a non-positive per_page value Per_page=-1 is rejected or coerced, never honoured verbatim","","2026-10-05","passed","2026-10-05","","GET /projects/:id/issues - pagination","com.qa.gitlab.tests.IssuePaginationTest","handlesNonPositivePageSizes"
"","281","Accept every documented order_by value order_by=RELATIVE_POSITION is accepted","","2026-10-05","passed","2026-10-05","","GET /projects/:id/issues - filters","com.qa.gitlab.tests.IssueListFilterTest","acceptsEveryDocumentedOrderByValue"
"","245","Accept every documented state filter value state=CLOSED is accepted","","2026-10-05","passed","2026-10-05","","GET /projects/:id/issues - filters","com.qa.gitlab.tests.IssueListFilterTest","acceptsEveryDocumentedStateValue"
"","447","Reject a blank title Blank title is rejected: [
]","","2026-10-05","passed","2026-10-05","","Issue field boundaries and unusual inputs","com.qa.gitlab.tests.IssueBoundaryTest","rejectsBlankTitle"
"","1682","Delete an issue and make it unreachable afterwards","","2026-10-05","passed","2026-10-05","","DELETE /projects/:id/issues/:iid","com.qa.gitlab.tests.IssueDeleteTest","deletesIssueAndMakesItUnreachable"
"","522","Return 404 for a zero or negative internal id","","2026-10-05","passed","2026-10-05","","GET /projects/:id/issues/:iid - not found","com.qa.gitlab.tests.IssueReadNotFoundTest","returnsNotFoundForZeroAndNegativeInternalIds"
"","10525","Support keyset pagination via pagination=keyset","","2026-10-05","passed","2026-10-05","","GET /projects/:id/issues - pagination","com.qa.gitlab.tests.IssuePaginationTest","supportsKeysetPagination"
"","978","Accept a due date far in the future","","2026-10-05","passed","2026-10-05","","Issue field boundaries and unusual inputs","com.qa.gitlab.tests.IssueBoundaryTest","acceptsDueDateFarInTheFuture"
"","219","Reject a malformed token Malformed token is rejected: glpat-obviously-not-valid","","2026-10-05","passed","2026-10-05","","Issues API authentication and authorization","com.qa.gitlab.tests.IssueAuthorizationTest","rejectsMalformedTokens"
"","443","Accept every documented order_by value order_by=LABEL_PRIORITY is accepted","","2026-10-05","passed","2026-10-05","","GET /projects/:id/issues - filters","com.qa.gitlab.tests.IssueListFilterTest","acceptsEveryDocumentedOrderByValue"
"","17048","Omit X-Prev-Page on the first page","","2026-10-05","passed","2026-10-05","","GET /projects/:id/issues - pagination","com.qa.gitlab.tests.IssuePaginationTest","omitsPreviousPageOnTheFirstPage"
"","158","Reject an unsupported sort direction Unsupported sort direction is rejected: ASC ","","2026-10-05","passed","2026-10-05","","Issues API error handling","com.qa.gitlab.tests.IssueValidationTest","rejectsUnsupportedSortDirection"
"","1428","Return an empty list for contradictory filters","","2026-10-05","passed","2026-10-05","","GET /projects/:id/issues - filters","com.qa.gitlab.tests.IssueListFilterTest","returnsEmptyListForContradictoryFilters"
"","230","Reject a non-numeric project id","","2026-10-05","passed","2026-10-05","","Issues API error handling","com.qa.gitlab.tests.IssueValidationTest","rejectsNonNumericProjectId"
"","1249","Parse a non-ISO due_date rather than discarding it (FINDING-1) Non-ISO due_date 20261231 is parsed, not discarded","","2026-10-05","passed","2026-10-05","","Issue field boundaries and unusual inputs","com.qa.gitlab.tests.IssueBoundaryTest","parsesNonIsoDueDate"
"","2747","Update several fields in a single request","","2026-10-05","passed","2026-10-05","","PUT /projects/:id/issues/:iid","com.qa.gitlab.tests.IssueUpdateTest","updatesSeveralFieldsInOneRequest"
"","5452","Replace the whole label set","","2026-10-05","passed","2026-10-05","","PUT /projects/:id/issues/:iid","com.qa.gitlab.tests.IssueUpdateTest","replacesTheWholeLabelSet"
"","1963","Sort by creation date ascending","","2026-10-05","passed","2026-10-05","","GET /projects/:id/issues - filters","com.qa.gitlab.tests.IssueListFilterTest","sortsByCreationDateAscending"
"","1254","Create an issue with only the mandatory title","","2026-10-05","passed","2026-10-05","","POST /projects/:id/issues","com.qa.gitlab.tests.IssueCreateTest","createsIssueWithTitleOnly"
"","1111","Store unusual titles verbatim sql-shaped title round-trips verbatim","","2026-10-05","passed","2026-10-05","","Issue field boundaries and unusual inputs","com.qa.gitlab.tests.IssueBoundaryTest","storesUnusualTitlesVerbatim"
"","0","Deduplicate a repeated label (disabled - FINDING-2)","","2026-10-05","skipped","2026-10-05","","Issue field boundaries and unusual inputs","com.qa.gitlab.tests.IssueBoundaryTest","deduplicatesRepeatedLabels"
"","8935","Omit X-Next-Page on the last page","","2026-10-05","passed","2026-10-05","","GET /projects/:id/issues - pagination","com.qa.gitlab.tests.IssuePaginationTest","omitsNextPageOnTheLastPage"
"","921","Accept a due date in the past","","2026-10-05","passed","2026-10-05","","Issue field boundaries and unusual inputs","com.qa.gitlab.tests.IssueBoundaryTest","acceptsDueDateInThePast"
"","1109","Accept a start date in the past","","2026-10-05","passed","2026-10-05","","Issue field boundaries and unusual inputs","com.qa.gitlab.tests.IssueBoundaryTest","acceptsStartDateInThePast"
"","914","Accept and silently discard an unparseable start_date (FINDING-1) Unparseable start_date is silently discarded: 2026-02-30","","2026-10-05","passed","2026-10-05","","Issue field boundaries and unusual inputs","com.qa.gitlab.tests.IssueBoundaryTest","acceptsAndDiscardsUnparseableStartDate"
"","1058","Filter by a creation-time window","","2026-10-05","passed","2026-10-05","","GET /projects/:id/issues - filters","com.qa.gitlab.tests.IssueListFilterTest","filtersByCreationWindow"
"","520","Reject a non-numeric issue iid as invalid rather than reporting it not found Non-numeric iid abc is invalid, not merely absent","","2026-10-05","passed","2026-10-05","","Issues API error handling","com.qa.gitlab.tests.IssueValidationTest","rejectsNonNumericIssueIid"
"","214","Reject an unsupported state filter Unsupported state filter is rejected: open","","2026-10-05","passed","2026-10-05","","Issues API error handling","com.qa.gitlab.tests.IssueValidationTest","rejectsUnsupportedStateFilter"
"","1438","Exclude issues created after the upper bound","","2026-10-05","passed","2026-10-05","","GET /projects/:id/issues - filters","com.qa.gitlab.tests.IssueListFilterTest","excludesIssuesCreatedAfterTheUpperBound"
"","174","Reject a create severity that is not an exact lowercase match severity UNKNOWN is rejected on create","","2026-10-05","passed","2026-10-05","","Issues API error handling","com.qa.gitlab.tests.IssueValidationTest","rejectsCreateSeverityThatIsNotAnExactMatch"
"","2817","Filter by assignee","","2026-10-05","passed","2026-10-05","","GET /projects/:id/issues - filters","com.qa.gitlab.tests.IssueListFilterTest","filtersByAssignee"
"","1176","Accept an empty description","","2026-10-05","passed","2026-10-05","","Issue field boundaries and unusual inputs","com.qa.gitlab.tests.IssueBoundaryTest","acceptsEmptyDescription"
"","1028","Accept a large description well inside the ~1 MB limit","","2026-10-05","passed","2026-10-05","","Issue field boundaries and unusual inputs","com.qa.gitlab.tests.IssueBoundaryTest","acceptsLargeDescription"
"","902","Accept a label containing spaces","","2026-10-05","passed","2026-10-05","","Issue field boundaries and unusual inputs","com.qa.gitlab.tests.IssueBoundaryTest","acceptsLabelWithSpaces"
"","188","Reject a malformed created_at rather than silently dropping it created_at 2026-02-30T10:00:00Z is rejected","","2026-10-05","passed","2026-10-05","","Issues API error handling","com.qa.gitlab.tests.IssueValidationTest","rejectsMalformedCreatedAt"
"","2163","Search titles","","2026-10-05","passed","2026-10-05","","GET /projects/:id/issues - filters","com.qa.gitlab.tests.IssueListFilterTest","searchesTitles"
"","912","Accept and silently discard an unparseable start_date (FINDING-1) Unparseable start_date is silently discarded: not-a-date","","2026-10-05","passed","2026-10-05","","Issue field boundaries and unusual inputs","com.qa.gitlab.tests.IssueBoundaryTest","acceptsAndDiscardsUnparseableStartDate"
"","344","Reject a blank title Blank title is rejected: [	]","","2026-10-05","passed","2026-10-05","","Issue field boundaries and unusual inputs","com.qa.gitlab.tests.IssueBoundaryTest","rejectsBlankTitle"
"","1928","Advance updated_at on a change while created_at never moves","","2026-10-05","passed","2026-10-05","","PUT /projects/:id/issues/:iid","com.qa.gitlab.tests.IssueUpdateTest","advancesUpdatedTimestamp"
"","1126","Preserve a multiline description exactly, including tabs","","2026-10-05","passed","2026-10-05","","Issue field boundaries and unusual inputs","com.qa.gitlab.tests.IssueBoundaryTest","preservesMultilineDescriptionExactly"
"","1291","Filter by author","","2026-10-05","passed","2026-10-05","","GET /projects/:id/issues - filters","com.qa.gitlab.tests.IssueListFilterTest","filtersByAuthor"
"","746","Handle a create field of the wrong JSON type without a server error Wrong-typed title=999 is handled without a server error","","2026-10-05","passed","2026-10-05","","Issues API error handling","com.qa.gitlab.tests.IssueValidationTest","handlesWrongTypedCreateField"
"","978","Handle a create field of the wrong JSON type without a server error Wrong-typed confidential=yes is handled without a server error","","2026-10-05","passed","2026-10-05","","Issues API error handling","com.qa.gitlab.tests.IssueValidationTest","handlesWrongTypedCreateField"
"","1031","Handle a create field of the wrong JSON type without a server error Wrong-typed start_date=20261231 is handled without a server error","","2026-10-05","passed","2026-10-05","","Issues API error handling","com.qa.gitlab.tests.IssueValidationTest","handlesWrongTypedCreateField"
"","194","Reject a non-numeric issue iid as invalid rather than reporting it not found Non-numeric iid 0b23 is invalid, not merely absent","","2026-10-05","passed","2026-10-05","","Issues API error handling","com.qa.gitlab.tests.IssueValidationTest","rejectsNonNumericIssueIid"
"","1537","Update the description","","2026-10-05","passed","2026-10-05","","PUT /projects/:id/issues/:iid","com.qa.gitlab.tests.IssueUpdateTest","updatesDescription"
"","1246","Set the due date","","2026-10-05","passed","2026-10-05","","PUT /projects/:id/issues/:iid","com.qa.gitlab.tests.IssueUpdateTest","setsDueDate"
"","153","Reject an anonymous create request","","2026-10-05","passed","2026-10-05","","Issues API authentication and authorization","com.qa.gitlab.tests.IssueAuthorizationTest","rejectsAnonymousCreate"
"","2319","Filter by a single label","","2026-10-05","passed","2026-10-05","","GET /projects/:id/issues - filters","com.qa.gitlab.tests.IssueListFilterTest","filtersByLabel"
"","173","Match the error contract in the body of a rejected-auth response","","2026-10-05","passed","2026-10-05","","Issues API authentication and authorization","com.qa.gitlab.tests.IssueAuthorizationTest","errorBodyForRejectedAuthMatchesTheContract"
"","825","Trim surrounding whitespace from the title","","2026-10-05","passed","2026-10-05","","Issue field boundaries and unusual inputs","com.qa.gitlab.tests.IssueBoundaryTest","trimsSurroundingWhitespaceFromTitle"
"","1735","Clear the due date on update","","2026-10-05","passed","2026-10-05","","Issue field boundaries and unusual inputs","com.qa.gitlab.tests.IssueBoundaryTest","clearsDueDateOnUpdate"
"","2770","Filter by state","","2026-10-05","passed","2026-10-05","","GET /projects/:id/issues - filters","com.qa.gitlab.tests.IssueListFilterTest","filtersByState"
"","2391","Filter by absence of a due date","","2026-10-05","passed","2026-10-05","","GET /projects/:id/issues - filters","com.qa.gitlab.tests.IssueListFilterTest","filtersByAbsenceOfDueDate"
"","2601","Return every field that was set on creation","","2026-10-05","passed","2026-10-05","","GET /projects/:id/issues/:iid","com.qa.gitlab.tests.IssueReadTest","returnsEveryFieldThatWasSetOnCreation"
"","1033","Create an issue without optional fields and leave them at their server default","","2026-10-05","passed","2026-10-05","","POST /projects/:id/issues","com.qa.gitlab.tests.IssueCreateTest","createsIssueWithoutOptionalFields"
"","1152","Return 404 on a second delete of the same issue","","2026-10-05","passed","2026-10-05","","DELETE /projects/:id/issues/:iid - errors","com.qa.gitlab.tests.IssueDeleteNegativeTest","secondDeleteReturnsNotFound"
"","925","Handle a create field of the wrong JSON type without a server error Wrong-typed due_date=true is handled without a server error","","2026-10-05","passed","2026-10-05","","Issues API error handling","com.qa.gitlab.tests.IssueValidationTest","handlesWrongTypedCreateField"
"","167","Handle a create field of the wrong JSON type without a server error Wrong-typed milestone_id=not-a-number is handled without a server error","","2026-10-05","passed","2026-10-05","","Issues API error handling","com.qa.gitlab.tests.IssueValidationTest","handlesWrongTypedCreateField"
"","234","Report an unknown project as 404","","2026-10-05","passed","2026-10-05","","Issues API error handling","com.qa.gitlab.tests.IssueValidationTest","reportsUnknownProjectAsNotFound"
"","181","Match the error schema on a 404","","2026-10-05","passed","2026-10-05","","Response schema contract - errors","com.qa.gitlab.tests.IssueErrorSchemaTest","notFoundErrorMatchesErrorSchema"
"","258","Reject an unsupported scope value","","2026-10-05","passed","2026-10-05","","Issues API error handling","com.qa.gitlab.tests.IssueValidationTest","rejectsUnsupportedScope"
"","3241","Filter by an explicit list of internal ids","","2026-10-05","passed","2026-10-05","","GET /projects/:id/issues - filters","com.qa.gitlab.tests.IssueListFilterTest","filtersByExplicitInternalIds"
"","1393","Clear the description on update","","2026-10-05","passed","2026-10-05","","Issue field boundaries and unusual inputs","com.qa.gitlab.tests.IssueBoundaryTest","clearsDescriptionOnUpdate"
"","1042","Return 204 with an empty body","","2026-10-05","passed","2026-10-05","","DELETE /projects/:id/issues/:iid","com.qa.gitlab.tests.IssueDeleteTest","returnsNoContentWithAnEmptyBody"
"","326","Accept every documented due_date shortcut due_date=NEXT_MONTH_AND_PREVIOUS_TWO_WEEKS is accepted","","2026-10-05","passed","2026-10-05","","GET /projects/:id/issues - filters","com.qa.gitlab.tests.IssueListFilterTest","acceptsEveryDocumentedDueDateShortcut"
"","241","Handle a create field of the wrong JSON type without a server error Wrong-typed iid=[1] is handled without a server error","","2026-10-05","passed","2026-10-05","","Issues API error handling","com.qa.gitlab.tests.IssueValidationTest","handlesWrongTypedCreateField"
"","257","Reject a blank title Blank title is rejected: []","","2026-10-05","passed","2026-10-05","","Issue field boundaries and unusual inputs","com.qa.gitlab.tests.IssueBoundaryTest","rejectsBlankTitle"
"","2565","Coerce a non-positive page number to the first page Page=0 is coerced to the first page","","2026-10-05","passed","2026-10-05","","GET /projects/:id/issues - pagination","com.qa.gitlab.tests.IssuePaginationTest","coercesNonPositivePageNumbers"
"","3289","Filter by absence of an assignee (assignee_id=None)","","2026-10-05","passed","2026-10-05","","GET /projects/:id/issues - filters","com.qa.gitlab.tests.IssueListFilterTest","filtersByAbsenceOfAssignee"
"","1282","Match the issue schema when every field is populated","","2026-10-05","passed","2026-10-05","","Response schema contract","com.qa.gitlab.tests.IssueSchemaTest","fullyPopulatedIssueMatchesIssueSchema"
"","218","Reject a create issue_type that is not an exact lowercase match issue_type INCIDENT is rejected on create","","2026-10-05","passed","2026-10-05","","Issues API error handling","com.qa.gitlab.tests.IssueValidationTest","rejectsCreateIssueTypeThatIsNotAnExactMatch"
"","1752","Reject an anonymous delete request without deleting the issue","","2026-10-05","passed","2026-10-05","","Issues API authentication and authorization","com.qa.gitlab.tests.IssueAuthorizationTest","rejectsAnonymousDelete"
"","767","Handle a create field of the wrong JSON type without a server error Wrong-typed description=42 is handled without a server error","","2026-10-05","passed","2026-10-05","","Issues API error handling","com.qa.gitlab.tests.IssueValidationTest","handlesWrongTypedCreateField"
"","1189","Reject an anonymous read request","","2026-10-05","passed","2026-10-05","","Issues API authentication and authorization","com.qa.gitlab.tests.IssueAuthorizationTest","rejectsAnonymousRead"
"","185","Reject a malformed token Malformed token is rejected: Bearer something","","2026-10-05","passed","2026-10-05","","Issues API authentication and authorization","com.qa.gitlab.tests.IssueAuthorizationTest","rejectsMalformedTokens"
"","2592","Require every requested label to match, not just one","","2026-10-05","passed","2026-10-05","","GET /projects/:id/issues - filters","com.qa.gitlab.tests.IssueListFilterTest","requiresAllLabelsToMatch"
"","2376","Filter by issue_type","","2026-10-05","passed","2026-10-05","","GET /projects/:id/issues - filters","com.qa.gitlab.tests.IssueListFilterTest","filtersByIssueType"
"","239","Reject a malformed created_at rather than silently dropping it created_at not-a-date is rejected","","2026-10-05","passed","2026-10-05","","Issues API error handling","com.qa.gitlab.tests.IssueValidationTest","rejectsMalformedCreatedAt"
"","271","Reject a create issue_type that is not an exact lowercase match issue_type test_case-1 is rejected on create","","2026-10-05","passed","2026-10-05","","Issues API error handling","com.qa.gitlab.tests.IssueValidationTest","rejectsCreateIssueTypeThatIsNotAnExactMatch"
"","391","Reject a start date after the due date on create","","2026-10-05","passed","2026-10-05","","Issue field boundaries and unusual inputs","com.qa.gitlab.tests.IssueBoundaryTest","rejectsStartDateAfterDueDateOnCreate"
"","256","Return 404 for an unknown internal id","","2026-10-05","passed","2026-10-05","","DELETE /projects/:id/issues/:iid - errors","com.qa.gitlab.tests.IssueDeleteNegativeTest","returnsNotFoundForUnknownInternalId"
"","1879","Return only the caller's own issues for scope=created_by_me","","2026-10-05","passed","2026-10-05","","GET /projects/:id/issues - filters","com.qa.gitlab.tests.IssueListFilterTest","returnsOnlyIssuesCreatedByTheCallerForCreatedByMeScope"
"","1683","Accept and silently discard an unparseable due_date (FINDING-1) Unparseable due_date is silently discarded: 2026-13-01","","2026-10-05","passed","2026-10-05","","Issue field boundaries and unusual inputs","com.qa.gitlab.tests.IssueBoundaryTest","acceptsAndDiscardsUnparseableDueDate"
"","2783","Filter by absence of any label (labels=None)","","2026-10-05","passed","2026-10-05","","GET /projects/:id/issues - filters","com.qa.gitlab.tests.IssueListFilterTest","filtersByAbsenceOfLabels"
"","174","Reject an unsupported order_by field","","2026-10-05","passed","2026-10-05","","Issues API error handling","com.qa.gitlab.tests.IssueValidationTest","rejectsUnsupportedOrderByField"
"","2379","Toggle confidentiality on and off","","2026-10-05","passed","2026-10-05","","PUT /projects/:id/issues/:iid","com.qa.gitlab.tests.IssueUpdateTest","togglesConfidentiality"
"","204","Reject an unsupported issue_type value","","2026-10-05","passed","2026-10-05","","Issues API error handling","com.qa.gitlab.tests.IssueValidationTest","rejectsUnsupportedIssueType"
"","3695","Reject a create that reuses an existing iid","","2026-10-05","passed","2026-10-05","","Issues API error handling","com.qa.gitlab.tests.IssueValidationTest","rejectsCreateWithDuplicateIid"
"","337","Keep an empty result an array, not a 404 or a null body","","2026-10-05","passed","2026-10-05","","Response schema contract","com.qa.gitlab.tests.IssueSchemaTest","emptyResultIsStillAnArray"
"","191","Return 401, not a 5xx, for a bad token","","2026-10-05","passed","2026-10-05","","Issues API authentication and authorization","com.qa.gitlab.tests.IssueAuthorizationTest","returnsUnauthorizedNotServerErrorForABadToken"
"","1759","Do not reuse a deleted issue's internal id","","2026-10-05","passed","2026-10-05","","DELETE /projects/:id/issues/:iid","com.qa.gitlab.tests.IssueDeleteTest","deletingDoesNotReuseTheInternalId"
"","757","Accept a title at the documented 255-character maximum","","2026-10-05","passed","2026-10-05","","Issue field boundaries and unusual inputs","com.qa.gitlab.tests.IssueBoundaryTest","acceptsTitleAtMaximumLength"
"","244","Accept every documented due_date shortcut due_date=MONTH is accepted","","2026-10-05","passed","2026-10-05","","GET /projects/:id/issues - filters","com.qa.gitlab.tests.IssueListFilterTest","acceptsEveryDocumentedDueDateShortcut"
"","3780","Coerce a non-positive page number to the first page Page=-1 is coerced to the first page","","2026-10-05","passed","2026-10-05","","GET /projects/:id/issues - pagination","com.qa.gitlab.tests.IssuePaginationTest","coercesNonPositivePageNumbers"
"","1403","Do not resolve an issue by its global id in place of its internal id","","2026-10-05","passed","2026-10-05","","GET /projects/:id/issues/:iid - not found","com.qa.gitlab.tests.IssueReadNotFoundTest","addressesIssuesByInternalIdNotGlobalId"
"","2608","Filter by confidentiality","","2026-10-05","passed","2026-10-05","","GET /projects/:id/issues - filters","com.qa.gitlab.tests.IssueListFilterTest","filtersByConfidentiality"
"","365","Reject a title one character beyond the maximum","","2026-10-05","passed","2026-10-05","","Issue field boundaries and unusual inputs","com.qa.gitlab.tests.IssueBoundaryTest","rejectsTitleBeyondMaximumLength"
"","257","Accept every documented scope value scope=ASSIGNED_TO_ME is accepted","","2026-10-05","passed","2026-10-05","","GET /projects/:id/issues - filters","com.qa.gitlab.tests.IssueListFilterTest","acceptsEveryDocumentedScopeValue"
"","1115","Reject an unknown state_event value","","2026-10-05","passed","2026-10-05","","Issue field boundaries and unusual inputs","com.qa.gitlab.tests.IssueBoundaryTest","rejectsUnknownStateEvent"
"","230","Reject a create issue_type that is not an exact lowercase match issue_type story is rejected on create","","2026-10-05","passed","2026-10-05","","Issues API error handling","com.qa.gitlab.tests.IssueValidationTest","rejectsCreateIssueTypeThatIsNotAnExactMatch"
"","2190","Match the issue schema on a minimal create response","","2026-10-05","passed","2026-10-05","","Response schema contract","com.qa.gitlab.tests.IssueSchemaTest","createResponseMatchesIssueSchema"
"","225","Reject a create request without a title Payload without title is rejected: {}","","2026-10-05","passed","2026-10-05","","Issues API error handling","com.qa.gitlab.tests.IssueValidationTest","rejectsCreateWithoutTitle"
"","206","Reject a malformed token Malformed token is rejected:  ","","2026-10-05","passed","2026-10-05","","Issues API authentication and authorization","com.qa.gitlab.tests.IssueAuthorizationTest","rejectsMalformedTokens"
"","192","Reject a create severity that is not an exact lowercase match severity urgent is rejected on create","","2026-10-05","passed","2026-10-05","","Issues API error handling","com.qa.gitlab.tests.IssueValidationTest","rejectsCreateSeverityThatIsNotAnExactMatch"
"","248","Accept every documented order_by value order_by=TITLE is accepted","","2026-10-05","passed","2026-10-05","","GET /projects/:id/issues - filters","com.qa.gitlab.tests.IssueListFilterTest","acceptsEveryDocumentedOrderByValue"
"","225","Name the offending field in the 400 body when the title is missing","","2026-10-05","passed","2026-10-05","","Issues API error handling","com.qa.gitlab.tests.IssueValidationTest","namesTheOffendingFieldWhenTitleIsMissing"
"","1756","Accept a start date equal to the due date","","2026-10-05","passed","2026-10-05","","Issue field boundaries and unusual inputs","com.qa.gitlab.tests.IssueBoundaryTest","acceptsStartDateEqualToDueDate"
"","187","Reject a create issue_type that is not an exact lowercase match issue_type ISSUE is rejected on create","","2026-10-05","passed","2026-10-05","","Issues API error handling","com.qa.gitlab.tests.IssueValidationTest","rejectsCreateIssueTypeThatIsNotAnExactMatch"
"","629","Reject a blank title Blank title is rejected: [ ]","","2026-10-05","passed","2026-10-05","","Issue field boundaries and unusual inputs","com.qa.gitlab.tests.IssueBoundaryTest","rejectsBlankTitle"
"","2108","Retrieve an issue by its internal id with every field matching the create response","","2026-10-05","passed","2026-10-05","","GET /projects/:id/issues/:iid","com.qa.gitlab.tests.IssueReadTest","getsIssueByInternalId"
"","2136","Reject a due date moved before the start date on update","","2026-10-05","passed","2026-10-05","","Issue field boundaries and unusual inputs","com.qa.gitlab.tests.IssueBoundaryTest","rejectsDueDateBeforeStartDateOnUpdate"
"","1056","Store unusual titles verbatim unicode title round-trips verbatim","","2026-10-05","passed","2026-10-05","","Issue field boundaries and unusual inputs","com.qa.gitlab.tests.IssueBoundaryTest","storesUnusualTitlesVerbatim"
"","8669","Offer navigable first/last/prev/next Link headers","","2026-10-05","passed","2026-10-05","","GET /projects/:id/issues - pagination","com.qa.gitlab.tests.IssuePaginationTest","offersNavigableLinkHeaders"
"","2024","Accept 25 labels on a single issue","","2026-10-05","passed","2026-10-05","","Issue field boundaries and unusual inputs","com.qa.gitlab.tests.IssueBoundaryTest","acceptsManyLabels"
"","1380","Delete a closed issue","","2026-10-05","passed","2026-10-05","","DELETE /projects/:id/issues/:iid","com.qa.gitlab.tests.IssueDeleteTest","deletesClosedIssue"
"","320","Reject an unsupported state filter Unsupported state filter is rejected: OPENED","","2026-10-05","passed","2026-10-05","","Issues API error handling","com.qa.gitlab.tests.IssueValidationTest","rejectsUnsupportedStateFilter"
"","3061","Sort by creation date descending by default","","2026-10-05","passed","2026-10-05","","GET /projects/:id/issues - filters","com.qa.gitlab.tests.IssueListFilterTest","sortsByCreationDateDescendingByDefault"
"","935","Ignore or reject an unknown assignee without claiming the assignment","","2026-10-05","passed","2026-10-05","","Issue field boundaries and unusual inputs","com.qa.gitlab.tests.IssueBoundaryTest","ignoresOrRejectsUnknownAssignee"
"","1315","Leave the project usable after a repeated label returns 500","","2026-10-05","passed","2026-10-05","","Issue field boundaries and unusual inputs","com.qa.gitlab.tests.IssueBoundaryTest","aRepeatedLabelDoesNotCorruptTheProject"
"","223","Reject a create severity that is not an exact lowercase match severity HIGH is rejected on create","","2026-10-05","passed","2026-10-05","","Issues API error handling","com.qa.gitlab.tests.IssueValidationTest","rejectsCreateSeverityThatIsNotAnExactMatch"
"","2200","Create an issue with every optional field populated","","2026-10-05","passed","2026-10-05","","POST /projects/:id/issues","com.qa.gitlab.tests.IssueCreateTest","createsIssueWithFullPayload"
"","309","Return 404 for an unknown internal id","","2026-10-05","passed","2026-10-05","","PUT /projects/:id/issues/:iid - errors","com.qa.gitlab.tests.IssueUpdateNegativeTest","returnsNotFoundForUnknownInternalId"
"","4418","Exclude a label through the not[labels] negation filter","","2026-10-05","passed","2026-10-05","","GET /projects/:id/issues - filters","com.qa.gitlab.tests.IssueListFilterTest","excludesLabelWithNegationFilter"
"","1708","Handle a non-numeric page number","","2026-10-05","passed","2026-10-05","","GET /projects/:id/issues - pagination","com.qa.gitlab.tests.IssuePaginationTest","handlesNonNumericPageNumber"
"","176","Reject an unsupported state filter Unsupported state filter is rejected: any","","2026-10-05","passed","2026-10-05","","Issues API error handling","com.qa.gitlab.tests.IssueValidationTest","rejectsUnsupportedStateFilter"
"","2906","Add and remove individual labels without replacing the whole set","","2026-10-05","passed","2026-10-05","","PUT /projects/:id/issues/:iid","com.qa.gitlab.tests.IssueUpdateTest","addsAndRemovesLabels"
"","1221","Return 404 for an unknown project","","2026-10-05","passed","2026-10-05","","GET /projects/:id/issues/:iid - not found","com.qa.gitlab.tests.IssueReadNotFoundTest","returnsNotFoundForUnknownProject"
"","326","Accept every documented order_by value order_by=DUE_DATE is accepted","","2026-10-05","passed","2026-10-05","","GET /projects/:id/issues - filters","com.qa.gitlab.tests.IssueListFilterTest","acceptsEveryDocumentedOrderByValue"
"","592","Accept every documented order_by value order_by=UPDATED_AT is accepted","","2026-10-05","passed","2026-10-05","","GET /projects/:id/issues - filters","com.qa.gitlab.tests.IssueListFilterTest","acceptsEveryDocumentedOrderByValue"
"","169","Reject a create severity that is not an exact lowercase match severity MEDIUM is rejected on create","","2026-10-05","passed","2026-10-05","","Issues API error handling","com.qa.gitlab.tests.IssueValidationTest","rejectsCreateSeverityThatIsNotAnExactMatch"
"","162","Reject an unsupported sort direction Unsupported sort direction is rejected: ascending","","2026-10-05","passed","2026-10-05","","Issues API error handling","com.qa.gitlab.tests.IssueValidationTest","rejectsUnsupportedSortDirection"
"","371","Accept every documented state filter value state=OPENED is accepted","","2026-10-05","passed","2026-10-05","","GET /projects/:id/issues - filters","com.qa.gitlab.tests.IssueListFilterTest","acceptsEveryDocumentedStateValue"
"","2181","Handle a non-positive per_page value Per_page=0 is rejected or coerced, never honoured verbatim","","2026-10-05","passed","2026-10-05","","GET /projects/:id/issues - pagination","com.qa.gitlab.tests.IssuePaginationTest","handlesNonPositivePageSizes"
"","596","Return an empty array, not a 404, when nothing matches","","2026-10-05","passed","2026-10-05","","GET /projects/:id/issues - filters","com.qa.gitlab.tests.IssueListFilterTest","returnsEmptyListWhenNothingMatches"
"","3525","Filter by presence of any label (labels=Any)","","2026-10-05","passed","2026-10-05","","GET /projects/:id/issues - filters","com.qa.gitlab.tests.IssueListFilterTest","filtersByPresenceOfAnyLabel"
"","229","Return 404, not 403, for an inaccessible project so existence is not revealed","","2026-10-05","passed","2026-10-05","","Issues API authentication and authorization","com.qa.gitlab.tests.IssueAuthorizationTest","doesNotRevealExistenceOfAnInaccessibleProject"
"","8732","Report X-Total, X-Total-Pages and X-Per-Page for a scoped collection","","2026-10-05","passed","2026-10-05","","GET /projects/:id/issues - pagination","com.qa.gitlab.tests.IssuePaginationTest","reportsTotalsForAScopedCollection"
"","1289","Ignore unknown internal ids in the iids filter rather than 404ing","","2026-10-05","passed","2026-10-05","","GET /projects/:id/issues - filters","com.qa.gitlab.tests.IssueListFilterTest","ignoresUnknownInternalIdsInTheIidsFilter"
"","1422","Resolve the same issue by URL-encoded project path as by numeric id","","2026-10-05","passed","2026-10-05","","GET /projects/:id/issues/:iid","com.qa.gitlab.tests.IssueReadTest","resolvesSameIssueByUrlEncodedProjectPath"
"","560","Accept every documented due_date shortcut due_date=OVERDUE is accepted","","2026-10-05","passed","2026-10-05","","GET /projects/:id/issues - filters","com.qa.gitlab.tests.IssueListFilterTest","acceptsEveryDocumentedDueDateShortcut"
"","978","Parse a non-ISO due_date rather than discarding it (FINDING-1) Non-ISO due_date 2026/12/31 is parsed, not discarded","","2026-10-05","passed","2026-10-05","","Issue field boundaries and unusual inputs","com.qa.gitlab.tests.IssueBoundaryTest","parsesNonIsoDueDate"
"","1371","Store unusual titles verbatim emoji title round-trips verbatim","","2026-10-05","passed","2026-10-05","","Issue field boundaries and unusual inputs","com.qa.gitlab.tests.IssueBoundaryTest","storesUnusualTitlesVerbatim"
"","2142","Restrict search to the requested field via in=title or in=description","","2026-10-05","passed","2026-10-05","","GET /projects/:id/issues - filters","com.qa.gitlab.tests.IssueListFilterTest","restrictsSearchToTheRequestedField"
"","266","Return error responses as JSON, not HTML","","2026-10-05","passed","2026-10-05","","Issues API error handling","com.qa.gitlab.tests.IssueValidationTest","errorResponsesAreJson"
"","229","Reject a create severity that is not an exact lowercase match severity CRITICAL is rejected on create","","2026-10-05","passed","2026-10-05","","Issues API error handling","com.qa.gitlab.tests.IssueValidationTest","rejectsCreateSeverityThatIsNotAnExactMatch"
"","324","Accept every documented due_date shortcut due_date=WEEK is accepted","","2026-10-05","passed","2026-10-05","","GET /projects/:id/issues - filters","com.qa.gitlab.tests.IssueListFilterTest","acceptsEveryDocumentedDueDateShortcut"
"","4739","Leave other issues intact when one is deleted","","2026-10-05","passed","2026-10-05","","DELETE /projects/:id/issues/:iid","com.qa.gitlab.tests.IssueDeleteTest","deletingOneIssueLeavesOthersIntact"
"","1811","Leave a closed issue retrievable rather than deleting it","","2026-10-05","passed","2026-10-05","","PUT /projects/:id/issues/:iid","com.qa.gitlab.tests.IssueUpdateTest","closingDoesNotDeleteTheIssue"
"","158","Reject a create issue_type that is not an exact lowercase match issue_type 123 is rejected on create","","2026-10-05","passed","2026-10-05","","Issues API error handling","com.qa.gitlab.tests.IssueValidationTest","rejectsCreateIssueTypeThatIsNotAnExactMatch"
"","872","Accept and silently discard an unparseable due_date (FINDING-1) Unparseable due_date is silently discarded: 2026-02-30","","2026-10-05","passed","2026-10-05","","Issue field boundaries and unusual inputs","com.qa.gitlab.tests.IssueBoundaryTest","acceptsAndDiscardsUnparseableDueDate"
"","176","Reject a malformed token Malformed token is rejected: glpat-","","2026-10-05","passed","2026-10-05","","Issues API authentication and authorization","com.qa.gitlab.tests.IssueAuthorizationTest","rejectsMalformedTokens"
"","1998","Be idempotent when closing an already-closed issue","","2026-10-05","passed","2026-10-05","","Issue field boundaries and unusual inputs","com.qa.gitlab.tests.IssueBoundaryTest","closingAnAlreadyClosedIssueIsIdempotent"
"","177","Handle a create field of the wrong JSON type without a server error Wrong-typed issue_type=[issue] is handled without a server error","","2026-10-05","passed","2026-10-05","","Issues API error handling","com.qa.gitlab.tests.IssueValidationTest","handlesWrongTypedCreateField"
"","2134","Combine multiple filters conjunctively","","2026-10-05","passed","2026-10-05","","GET /projects/:id/issues - filters","com.qa.gitlab.tests.IssueListFilterTest","combinesFiltersConjunctively"
"","227","Reject a create request without a title Payload without title is rejected: {description=no title supplied}","","2026-10-05","passed","2026-10-05","","Issues API error handling","com.qa.gitlab.tests.IssueValidationTest","rejectsCreateWithoutTitle"
"","1027","Parse a non-ISO due_date rather than discarding it (FINDING-1) Non-ISO due_date 31-12-2026 is parsed, not discarded","","2026-10-05","passed","2026-10-05","","Issue field boundaries and unusual inputs","com.qa.gitlab.tests.IssueBoundaryTest","parsesNonIsoDueDate"
"","2129","Clamp per_page above 100 rather than rejecting or honouring it","","2026-10-05","passed","2026-10-05","","GET /projects/:id/issues - pagination","com.qa.gitlab.tests.IssuePaginationTest","clampsPageSizeAboveTheDocumentedMaximum"
"","831","Reject a blank title Blank title is rejected: [   ]","","2026-10-05","passed","2026-10-05","","Issue field boundaries and unusual inputs","com.qa.gitlab.tests.IssueBoundaryTest","rejectsBlankTitle"
"","191","Reject a create severity that is not an exact lowercase match severity 123 is rejected on create","","2026-10-05","passed","2026-10-05","","Issues API error handling","com.qa.gitlab.tests.IssueValidationTest","rejectsCreateSeverityThatIsNotAnExactMatch"
"","1423","Treat removing an absent label as a no-op","","2026-10-05","passed","2026-10-05","","Issue field boundaries and unusual inputs","com.qa.gitlab.tests.IssueBoundaryTest","removingAnAbsentLabelIsANoOp"
"","347","Accept every documented state filter value state=ALL is accepted","","2026-10-05","passed","2026-10-05","","GET /projects/:id/issues - filters","com.qa.gitlab.tests.IssueListFilterTest","acceptsEveryDocumentedStateValue"
"","1543","Reject clearing the mandatory title to blank","","2026-10-05","passed","2026-10-05","","PUT /projects/:id/issues/:iid - errors","com.qa.gitlab.tests.IssueUpdateNegativeTest","rejectsTitleClearedToBlank"
"","1115","Handle a create field of the wrong JSON type without a server error Wrong-typed assignee_ids=not-a-list is handled without a server error","","2026-10-05","passed","2026-10-05","","Issues API error handling","com.qa.gitlab.tests.IssueValidationTest","handlesWrongTypedCreateField"
"","11153","Accept every documented scope value scope=CREATED_BY_ME is accepted","","2026-10-05","passed","2026-10-05","","GET /projects/:id/issues - filters","com.qa.gitlab.tests.IssueListFilterTest","acceptsEveryDocumentedScopeValue"
"","700","Return 404 for an unknown internal id","","2026-10-05","passed","2026-10-05","","GET /projects/:id/issues/:iid - not found","com.qa.gitlab.tests.IssueReadNotFoundTest","returnsNotFoundForUnknownInternalId"
"","12402","Apply the documented default page size of 20","","2026-10-05","passed","2026-10-05","","GET /projects/:id/issues - pagination","com.qa.gitlab.tests.IssuePaginationTest","appliesTheDocumentedDefaultPageSize"
"","895","Accept labels as a JSON array in addition to the documented comma-separated string","","2026-10-05","passed","2026-10-05","","Issue field boundaries and unusual inputs","com.qa.gitlab.tests.IssueBoundaryTest","acceptsLabelsAsAJsonArrayToo"
"","3022","Assign iid sequentially per project while id stays globally unique","","2026-10-05","passed","2026-10-05","","POST /projects/:id/issues","com.qa.gitlab.tests.IssueCreateTest","assignsSequentialInternalIdsWithinProject"
"","1137","Do not return a server error for any malformed filter value","","2026-10-05","passed","2026-10-05","","Issues API error handling","com.qa.gitlab.tests.IssueValidationTest","doesNotReturnServerErrorForAnyMalformedFilter"
"","2506","Remove a deleted issue from the listing","","2026-10-05","passed","2026-10-05","","DELETE /projects/:id/issues/:iid","com.qa.gitlab.tests.IssueDeleteTest","deletedIssueDisappearsFromListing"
"","2229","Reopen a closed issue","","2026-10-05","passed","2026-10-05","","PUT /projects/:id/issues/:iid","com.qa.gitlab.tests.IssueUpdateTest","reopensClosedIssue"
"","899","Handle a create field of the wrong JSON type without a server error Wrong-typed labels=123 is handled without a server error","","2026-10-05","passed","2026-10-05","","Issues API error handling","com.qa.gitlab.tests.IssueValidationTest","handlesWrongTypedCreateField"
"","1950","Update the title and leave every other field untouched","","2026-10-05","passed","2026-10-05","","PUT /projects/:id/issues/:iid","com.qa.gitlab.tests.IssueUpdateTest","updatesTitleAndLeavesOtherFieldsUntouched"
"","2307","Change issue_type on an existing issue","","2026-10-05","passed","2026-10-05","","PUT /projects/:id/issues/:iid","com.qa.gitlab.tests.IssueUpdateTest","changesIssueType"
"","1747","Persist an update so a subsequent read reflects it","","2026-10-05","passed","2026-10-05","","PUT /projects/:id/issues/:iid","com.qa.gitlab.tests.IssueUpdateTest","persistsUpdateForSubsequentReads"
"","195","Handle a create field of the wrong JSON type without a server error Wrong-typed severity=5 is handled without a server error","","2026-10-05","passed","2026-10-05","","Issues API error handling","com.qa.gitlab.tests.IssueValidationTest","handlesWrongTypedCreateField"
"","219","Reject an unsupported state filter Unsupported state filter is rejected: not-a-real-state","","2026-10-05","passed","2026-10-05","","Issues API error handling","com.qa.gitlab.tests.IssueValidationTest","rejectsUnsupportedStateFilter"
"","996","Accept a single-character title","","2026-10-05","passed","2026-10-05","","Issue field boundaries and unusual inputs","com.qa.gitlab.tests.IssueBoundaryTest","acceptsSingleCharacterTitle"
"","8610","Return both open and closed issues when filtering by state=all","","2026-10-05","passed","2026-10-05","","GET /projects/:id/issues - filters","com.qa.gitlab.tests.IssueListFilterTest","returnsBothStatesWhenFilteringByAll"
"","3240","Return an empty page beyond the last one, not a 404","","2026-10-05","passed","2026-10-05","","GET /projects/:id/issues - pagination","com.qa.gitlab.tests.IssuePaginationTest","returnsAnEmptyPageBeyondTheLastOne"
"","1246","Make a created issue immediately readable (read-your-writes)","","2026-10-05","passed","2026-10-05","","POST /projects/:id/issues","com.qa.gitlab.tests.IssueCreateTest","createdIssueIsImmediatelyReadable"
"","0","Deduplicate a repeated label sent as a JSON array (disabled - FINDING-2)","","2026-10-05","skipped","2026-10-05","","Issue field boundaries and unusual inputs","com.qa.gitlab.tests.IssueBoundaryTest","aRepeatedLabelInAJsonArrayDoesNotFail"
"","162","Reject a malformed token Malformed token is rejected: not-even-prefixed","","2026-10-05","passed","2026-10-05","","Issues API authentication and authorization","com.qa.gitlab.tests.IssueAuthorizationTest","rejectsMalformedTokens"
"","1419","Clear every label with an empty label set","","2026-10-05","passed","2026-10-05","","Issue field boundaries and unusual inputs","com.qa.gitlab.tests.IssueBoundaryTest","clearsAllLabelsWithAnEmptyLabelSet"
"","181","Match the error schema on a 400 validation error","","2026-10-05","passed","2026-10-05","","Response schema contract - errors","com.qa.gitlab.tests.IssueErrorSchemaTest","validationErrorMatchesErrorSchema"
"","1243","Store unusual titles verbatim markup title round-trips verbatim","","2026-10-05","passed","2026-10-05","","Issue field boundaries and unusual inputs","com.qa.gitlab.tests.IssueBoundaryTest","storesUnusualTitlesVerbatim"
"","204","Report an unknown project path as 404","","2026-10-05","passed","2026-10-05","","Issues API error handling","com.qa.gitlab.tests.IssueValidationTest","reportsUnknownProjectPathAsNotFound"
"","1333","Accept every documented order_by value order_by=CREATED_AT is accepted","","2026-10-05","passed","2026-10-05","","GET /projects/:id/issues - filters","com.qa.gitlab.tests.IssueListFilterTest","acceptsEveryDocumentedOrderByValue"
"","228","Reject a create issue_type that is not an exact lowercase match issue_type TASK is rejected on create","","2026-10-05","passed","2026-10-05","","Issues API error handling","com.qa.gitlab.tests.IssueValidationTest","rejectsCreateIssueTypeThatIsNotAnExactMatch"
"","159","Reject an unsupported sort direction Unsupported sort direction is rejected: sideways","","2026-10-05","passed","2026-10-05","","Issues API error handling","com.qa.gitlab.tests.IssueValidationTest","rejectsUnsupportedSortDirection"
"","2074","Reject an update request carrying no updatable field","","2026-10-05","passed","2026-10-05","","Issues API error handling","com.qa.gitlab.tests.IssueValidationTest","rejectsUpdateWithNoUpdatableField"
"","1222","Do not resolve an iid from one project against another","","2026-10-05","passed","2026-10-05","","Issues API authentication and authorization","com.qa.gitlab.tests.IssueAuthorizationTest","doesNotLeakIssuesAcrossProjects"
"","1659","Create an issue already assigned to a user","","2026-10-05","passed","2026-10-05","","POST /projects/:id/issues","com.qa.gitlab.tests.IssueCreateTest","assignsIssueToTheRequestedUser"
"","3931","Keep a single-result list as an array, not a bare object","","2026-10-05","passed","2026-10-05","","Response schema contract","com.qa.gitlab.tests.IssueSchemaTest","singleResultListIsStillAnArray"
"","1328","List issues by URL-encoded project path","","2026-10-05","passed","2026-10-05","","GET /projects/:id/issues - filters","com.qa.gitlab.tests.IssueListFilterTest","listsIssuesByUrlEncodedProjectPath"
"","1022","Default issue_type to issue when not specified","","2026-10-05","passed","2026-10-05","","POST /projects/:id/issues","com.qa.gitlab.tests.IssueCreateTest","defaultsIssueTypeToIssue"
"","231","Reject a create request without a title Payload without title is rejected: {confidential=true, labels=bug}","","2026-10-05","passed","2026-10-05","","Issues API error handling","com.qa.gitlab.tests.IssueValidationTest","rejectsCreateWithoutTitle"
"","281","Accept every documented due_date shortcut due_date=NO_DUE_DATE is accepted","","2026-10-05","passed","2026-10-05","","GET /projects/:id/issues - filters","com.qa.gitlab.tests.IssueListFilterTest","acceptsEveryDocumentedDueDateShortcut"
"","2538","Sort by title","","2026-10-05","passed","2026-10-05","","GET /projects/:id/issues - filters","com.qa.gitlab.tests.IssueListFilterTest","sortsByTitle"
"","247","Reject an update on an unknown project","","2026-10-05","passed","2026-10-05","","Issues API error handling","com.qa.gitlab.tests.IssueValidationTest","rejectsUpdateOnUnknownProject"
"","2082","Reject an anonymous listing request","","2026-10-05","passed","2026-10-05","","Issues API authentication and authorization","com.qa.gitlab.tests.IssueAuthorizationTest","rejectsAnonymousListing"
"","1754","Close an issue through state_event","","2026-10-05","passed","2026-10-05","","PUT /projects/:id/issues/:iid","com.qa.gitlab.tests.IssueUpdateTest","closesIssueThroughStateEvent"
"","1786","Clear every assignee using the documented 0 sentinel","","2026-10-05","passed","2026-10-05","","Issue field boundaries and unusual inputs","com.qa.gitlab.tests.IssueBoundaryTest","clearsAssigneesWithZero"
"","144","Handle a create field of the wrong JSON type without a server error Wrong-typed created_at=12345 is handled without a server error","","2026-10-05","passed","2026-10-05","","Issues API error handling","com.qa.gitlab.tests.IssueValidationTest","handlesWrongTypedCreateField"
"","159","Handle a create field of the wrong JSON type without a server error Wrong-typed weight=heavy is handled without a server error","","2026-10-05","passed","2026-10-05","","Issues API error handling","com.qa.gitlab.tests.IssueValidationTest","handlesWrongTypedCreateField"
"","328","Accept every documented scope value scope=ALL is accepted","","2026-10-05","passed","2026-10-05","","GET /projects/:id/issues - filters","com.qa.gitlab.tests.IssueListFilterTest","acceptsEveryDocumentedScopeValue"
"","1174","Accept and silently discard an unparseable due_date (FINDING-1) Unparseable due_date is silently discarded: not-a-date","","2026-10-05","passed","2026-10-05","","Issue field boundaries and unusual inputs","com.qa.gitlab.tests.IssueBoundaryTest","acceptsAndDiscardsUnparseableDueDate"
"","1204","Do not let an anonymous request see a confidential issue","","2026-10-05","passed","2026-10-05","","Issues API authentication and authorization","com.qa.gitlab.tests.IssueAuthorizationTest","anonymousRequestDoesNotSeeConfidentialIssues"
"","153","Reject a create severity that is not an exact lowercase match severity LOW is rejected on create","","2026-10-05","passed","2026-10-05","","Issues API error handling","com.qa.gitlab.tests.IssueValidationTest","rejectsCreateSeverityThatIsNotAnExactMatch"
